1;60;5992
2;32;8470
3;41;9904
4;28;11251
5;30;9295
6;57;7316
7;27;10206
8;47;6901
9;27;12386
10;53;10727
11;52;1685
12;16;10837
13;30;10290
14;36;6417
15;37;4182
16;36;11220
17;45;4027
18;28;9265
19;25;996
20;38;8332
21;13;10268
22;42;3868
23;23;9976
24;44;7868
25;37;6110
26;31;8776
27;41;9568
28;33;7583
29;28;12076
30;27;11900
31;31;257
32;18;10666
33;28;6665
34;48;5447
35;52;12026
36;13;3621
37;21;11553
38;10;5541
39;43;6159
40;30;1211
41;34;4113
42;40;8860
43;22;9809
44;54;2403
45;32;4847
46;46;3921
47;39;11051
48;16;4972
49;5;12600
50;34;4205
51;49;9633
52;24;4607
53;16;1911
54;6;10492
55;27;1391
56;48;10332
57;3;3315
58;7;8570
59;49;5889
60;21;553
61;1;7208
62;31;8636
63;5;2775
64;4;108
65;21;4665
66;55;7251
67;60;1553
68;15;5647
69;48;11558
70;3;4309
71;49;3634
72;51;2543
73;30;341
74;37;9509
75;5;2692
76;49;1709
77;59;12404
78;1;6272
79;49;1340
80;44;8129
81;61;1412
82;51;6606
83;55;6477
84;24;6881
85;58;5288
86;18;7368
87;52;12182
88;6;6356
89;37;1679
90;6;8114
91;58;2092
92;29;3191
93;33;10834
94;43;5947
95;18;11426
96;5;9535
97;50;2878
98;52;5808
99;2;4112
100;55;2800
101;59;1677
102;40;5428
103;59;8210
104;8;1555
105;34;8753
106;28;2039
107;6;4926
108;35;2160
109;14;10418
110;10;10076
111;40;10291
112;29;10687
113;8;8800
114;8;11426
115;24;1457
116;15;7846
117;20;7254
118;54;12579
119;11;10988
120;6;1937
121;10;2684
122;4;459
123;5;8556
124;36;311
125;42;6540
126;23;7466
127;34;4529
128;60;6168
129;30;1020
130;16;10148
131;13;6798
132;8;2000
133;15;5591
134;28;9147
135;16;6031
136;32;10965
137;37;3874
138;20;7929
139;25;9752
140;28;9724
141;6;6660
142;1;2951
143;47;5795
144;30;9326
145;40;8081
146;42;12359
147;23;4626
148;35;2023
149;39;6032
150;14;1886
151;10;11340
152;35;11964
153;19;8962
154;32;593
155;50;6761
156;16;3946
157;47;11451
158;28;1051
159;39;8141
160;49;352
161;25;1288
162;23;9402
163;2;8317
164;7;9971
165;39;11477
166;34;3827
167;7;12273
168;1;10454
169;51;5170
170;58;6485
171;54;5607
172;22;8898
173;41;8411
174;47;8431
175;22;11372
176;46;8875
177;59;1468
178;47;1241
179;26;10145
180;50;9733
181;42;5653
182;40;5756
183;48;1999
184;23;1803
185;37;3843
186;18;9369
187;20;9845
188;41;8429
189;26;2284
190;39;7383
191;23;5034
192;53;4577
193;42;11593
194;30;7498
195;43;3987
196;58;5970
197;18;12316
198;29;11252
199;16;6417
200;32;527
201;52;2300
202;4;10999
203;25;10160
204;56;7316
205;13;8439
206;35;8031
207;58;1708
208;30;9644
209;56;12174
210;41;5049
211;38;11714
212;4;2111
213;24;4375
214;43;6420
215;48;11928
216;14;4073
217;25;3279
218;22;2717
219;14;2015
220;26;10819
221;17;12461
222;8;4739
223;36;6494
224;41;1603
225;48;5730
226;13;4289
227;57;4467
228;4;7908
229;9;5612
230;50;8167
231;33;10157
232;26;8266
233;50;10199
234;58;4861
235;11;1218
236;48;10781
237;49;581
238;44;1982
239;45;5915
240;11;206
241;6;5311
242;5;4538
243;21;5911
244;49;5435
245;20;12273
246;48;2191
247;22;4549
248;28;3273
249;30;3185
250;9;11935
251;13;10855
252;19;4980
253;39;9956
254;42;5222
255;55;5988
256;15;11239
257;23;12119
258;56;8276
259;46;5566
260;27;2912
261;55;2385
262;54;9727
263;27;10239
264;4;7386
265;25;10074
266;12;3962
267;23;8488
268;50;11065
269;41;10138
270;39;482
271;31;11459
272;38;8829
273;37;6640
274;1;4989
275;40;11977
276;35;411
277;54;3022
278;25;1031
279;20;4330
280;54;7540
281;12;1255
282;53;11653
283;50;1520
284;31;4163
285;23;9473
286;61;1908
287;8;2027
288;2;9252
289;51;12561
290;61;1121
291;40;883
292;24;6212
293;19;10617
294;19;12066
295;11;2904
296;16;8617
297;33;11446
298;47;6962
299;6;7105
300;12;6612
301;28;12489
302;53;1410
303;29;3085
304;5;2108
305;11;1203
306;14;9388
307;45;4208
308;16;5021
309;4;874
310;53;540
311;23;4181
312;28;3082
313;16;10034
314;50;7567
315;61;10803
316;1;9472
317;20;9698
318;33;5253
319;5;11121
320;33;11622
321;13;10605
322;4;392
323;15;5039
324;58;2548
325;13;11585
326;36;1653
327;57;8872
328;58;7555
329;50;1827
330;14;6593
331;54;3338
332;19;4594
333;16;4381
334;9;1449
335;1;8318
336;36;1053
337;12;6343
338;60;5549
339;26;2045
340;16;6701
341;57;1430
342;38;11397
343;26;11972
344;10;7594
345;32;5976
346;31;11522
347;58;2830
348;9;2770
349;20;4746
350;3;8911
351;22;8350
352;48;7500
353;43;4631
354;8;6052
355;45;370
356;24;7744
357;25;9467
358;50;5073
359;39;11124
360;8;5610
361;23;295
362;9;995
363;17;2282
364;58;12354
365;37;11116
366;24;5515
367;13;1799
368;60;9628
369;43;3870
370;22;12474
371;34;9647
372;57;5774
373;42;2849
374;20;5370
375;55;1279
376;2;5422
377;42;3050
378;29;2655
379;16;12131
380;50;8676
381;32;10141
382;30;1002
383;23;1862
384;43;2488
385;57;7287
386;38;10842
387;14;12509
388;2;5903
389;32;2232
390;53;1149
391;27;8383
392;22;6586
393;13;8459
394;2;9001
395;15;8403
396;61;7677
397;45;10110
398;58;11739
399;30;10930
400;12;3352
401;55;10120
402;34;10652
403;42;9360
404;10;4210
405;44;2609
406;19;9924
407;54;11602
408;45;11995
409;7;3509
410;11;7474
411;20;11088
412;29;10051
413;5;2813
414;37;8181
415;58;6861
416;29;12139
417;17;8051
418;52;7554
419;22;9298
420;16;6857
421;43;3541
422;11;1352
423;8;7716
424;8;192
425;2;9763
426;18;8136
427;24;4002
428;1;11397
429;36;2324
430;27;6732
431;49;5404
432;60;7905
433;24;1555
434;25;9617
435;23;5655
436;54;5421
437;45;4944
438;1;6387
439;55;1951
440;59;5977
441;41;8807
442;5;4041
443;24;9250
444;43;3357
445;18;12206
446;23;7354
447;2;10729
448;10;612
449;15;1969
450;20;8381
451;15;8701
452;4;4750
453;29;3659
454;12;9334
455;12;8861
456;17;2298
457;40;3355
458;12;3075
459;28;9203
460;25;5911
461;40;6542
462;41;7144
463;43;9807
464;58;2342
465;9;6029
466;17;9085
467;44;7209
468;60;2386
469;2;5708
470;13;11902
471;39;443
472;39;1621
473;37;11453
474;12;5508
475;4;4621
476;26;1674
477;32;8787
478;19;11228
479;24;3605
480;8;9773
481;18;3044
482;46;3145
483;11;4919
484;48;5497
485;44;10067
486;49;6587
487;46;8361
488;8;4769
489;3;3092
490;49;5821
491;50;5238
492;43;6143
493;9;1409
494;3;1246
495;43;7115
496;51;5603
497;18;144
498;19;9072
499;57;109
500;54;12084
501;19;7410
502;20;12570
503;16;10005
504;53;11733
505;45;5851
506;60;8387
507;8;8447
508;38;12373
509;60;5228
510;49;1744
511;23;4406
512;8;4101
513;14;4388
514;34;973
515;47;10949
516;42;6739
517;37;6461
518;33;11884
519;10;4464
520;22;4628
521;61;5580
522;37;3899
523;2;6150
524;16;4577
525;60;649
526;46;306
527;42;6656
528;23;2739
529;56;4464
530;53;933
531;27;6896
532;4;803
533;55;5487
534;5;718
535;25;1687
536;61;6527
537;46;10714
538;28;11259
539;32;2445
540;7;660
541;39;3537
542;39;5564
543;34;6048
544;55;9509
545;13;7993
546;39;6056
547;28;1446
548;7;12280
549;40;9656
550;50;4913
551;17;6365
552;14;3223
553;18;3119
554;51;11172
555;1;11999
556;53;4001
557;38;10632
558;31;9289
559;38;3171
560;9;3672
561;31;3361
562;54;486
563;26;6275
564;34;5029
565;54;9262
566;16;12437
567;36;5951
568;29;5690
569;21;2822
570;61;7710
571;21;2759
572;14;5558
573;4;3559
574;49;8785
575;2;4742
576;12;6343
577;45;11375
578;32;8562
579;50;7292
580;10;8514
581;5;10470
582;56;8772
583;31;4002
584;11;12099
585;54;385
586;36;7569
587;8;7778
588;54;2981
589;19;640
590;2;1614
591;4;2692
592;38;11546
593;11;4751
594;5;7912
595;7;10129
596;60;9646
597;48;930
598;54;6382
599;30;4207
600;45;6722
601;35;7629
602;51;4355
603;55;6834
604;7;9485
605;39;7574
606;24;2755
607;5;11676
608;25;10818
609;55;9594
610;21;6894
611;35;7601
612;5;9320
613;15;12267
614;57;10714
615;49;283
616;22;7282
617;51;12445
618;59;3708
619;21;3016
620;29;10537
621;9;11434
622;59;803
623;22;11791
624;40;6663
625;56;3159
626;28;6283
627;29;8286
628;3;11901
629;10;3034
630;46;2381
631;53;11218
632;11;2054
633;40;931
634;59;5623
635;5;9019
636;54;4869
637;46;616
638;27;10325
639;39;8970
640;60;9791
641;49;4237
642;2;8639
643;56;7491
644;51;10640
645;30;11235
646;45;7622
647;49;4303
648;35;2615
649;7;10401
650;26;11428
651;43;913
652;36;5687
653;50;5094
654;51;9741
655;7;5035
656;39;1910
657;32;11993
658;29;6029
659;46;2433
660;38;7130
661;42;2220
662;19;4283
663;52;8197
664;47;6631
665;6;11079
666;13;6070
667;6;10092
668;48;6991
669;57;361
670;43;9871
671;14;5444
672;31;3463
673;54;8231
674;27;8455
675;24;10841
676;21;12123
677;23;1939
678;56;8566
679;45;6034
680;48;9164
681;34;3233
682;46;11240
683;8;445
684;19;6692
685;3;6742
686;30;4463
687;54;1581
688;47;164
689;22;11755
690;1;3115
691;42;8279
692;18;11087
693;40;10757
694;34;527
695;36;2213
696;3;3852
697;53;9095
698;4;1200
699;2;3707
700;23;11240
701;56;7154
702;18;1598
703;56;440
704;26;8718
705;30;4301
706;11;12251
707;46;7804
708;7;8606
709;47;12261
710;44;8111
711;4;4490
712;60;4883
713;56;11287
714;35;2040
715;18;3610
716;19;1958
717;59;7688
718;46;159
719;58;3813
720;12;6841
721;26;2183
722;32;832
723;8;2676
724;37;3670
725;16;11051
726;30;10490
727;54;6956
728;53;1124
729;40;7560
730;50;3114
731;3;8696
732;46;12357
733;56;4650
734;14;5133
735;27;5810
736;32;11119
737;31;6758
738;31;6276
739;28;8309
740;55;5524
741;39;1209
742;4;11638
743;27;9517
744;59;2983
745;42;9111
746;41;6906
747;61;8255
748;12;3738
749;4;1337
750;8;7110
751;41;11612
752;38;11722
753;57;9764
754;11;8701
755;39;5734
756;41;8967
757;19;984
758;33;4671
759;42;10457
760;7;6678
761;61;1258
762;38;1477
763;26;6713
764;36;8550
765;40;8413
766;31;7577
767;5;1771
768;38;12326
769;58;7506
770;19;9468
771;12;5552
772;11;7410
773;42;11247
774;15;3395
775;44;6787
776;8;7689
777;3;11241
778;15;7927
779;48;6637
780;17;11679
781;6;11772
782;55;10896
783;13;12520
784;16;7073
785;47;4496
786;45;9576
787;20;5852
788;3;6719
789;46;12567
790;27;1198
791;11;10851
792;54;6519
793;40;2952
794;51;11346
795;14;10959
796;24;11311
797;1;963
798;54;9616
799;25;8544
800;11;1914
801;18;8518
802;36;5325
803;36;6913
804;24;2109
805;22;1474
806;60;8140
807;34;11597
808;24;3536
809;54;11699
810;23;11207
811;31;6216
812;37;4415
813;12;7816
814;39;7201
815;38;11013
816;34;8052
817;42;10578
818;47;3375
819;20;12449
820;56;9210
821;17;6877
822;18;12593
823;30;1281
824;51;6358
825;48;8397
826;7;9111
827;34;12223
828;46;7278
829;9;10345
830;37;6968
831;16;2340
832;24;2679
833;28;9560
834;54;9635
835;45;1497
836;54;7570
837;25;7632
838;57;1028
839;58;10703
840;45;10592
841;40;2610
842;59;4447
843;47;12578
844;7;1761
845;41;10192
846;29;4414
847;42;933
848;3;8294
849;50;10400
850;32;2601
851;47;955
852;24;7905
853;53;176
854;35;7749
855;23;11282
856;37;5988
857;23;2007
858;33;8677
859;39;3673
860;5;10537
861;4;3813
862;36;1900
863;20;8147
864;6;10020
865;52;3019
866;22;434
867;55;10961
868;34;9575
869;7;6177
870;15;5021
871;28;10003
872;9;4369
873;61;12223
874;10;1057
875;7;9251
876;31;4379
877;45;10523
878;32;11050
879;8;6913
880;28;3319
881;48;946
882;52;11880
883;2;9431
884;37;6749
885;1;5128
886;38;7778
887;29;12601
888;18;4857
889;34;4617
890;42;6459
891;42;443
892;9;5235
893;17;3291
894;34;11689
895;7;4559
896;2;7948
897;16;4155
898;30;3759
899;59;8928
900;8;9243
901;40;2201
902;55;5224
903;57;1612
904;22;4375
905;34;7588
906;16;4834
907;41;9109
908;3;7602
909;40;12575
910;50;958
911;50;5642
912;42;4835
913;2;3707
914;40;9456
915;40;855
916;38;11812
917;15;10376
918;55;6464
919;56;8172
920;31;6923
921;19;11444
922;47;11138
923;40;8442
924;40;5398
925;6;1989
926;50;5242
927;44;10332
928;3;12075
929;39;9925
930;33;6716
931;37;2792
932;1;7083
933;54;3569
934;40;1057
935;35;11210
936;51;3940
937;11;6185
938;9;1061
939;27;6077
940;42;8344
941;18;1142
942;26;2311
943;39;11248
944;44;8223
945;31;795
946;12;10302
947;43;6062
948;47;4462
949;42;1704
950;58;7282
951;5;1932
952;18;9668
953;53;10812
954;10;10447
955;22;7583
956;60;8486
957;54;1864
958;53;11881
959;47;11721
960;51;8033
961;56;8470
962;33;1018
963;8;11057
964;11;8998
965;22;10825
966;33;5130
967;19;1717
968;41;8533
969;52;6544
970;36;4659
971;45;12031
972;7;8878
973;53;2058
974;28;6653
975;31;6353
976;55;5449
977;43;871
978;51;10325
979;6;11394
980;44;5268
981;54;5729
982;20;7895
983;59;2850
984;24;3579
985;41;2161
986;51;1739
987;1;8159
988;6;11476
989;32;10082
990;16;8458
991;15;9831
992;4;6334
993;22;9461
994;59;9084
995;38;1453
996;16;6327
997;35;9717
998;16;7995
999;30;11701
1000;25;6984
1001;25;8963
1002;17;954
1003;61;4774
1004;34;10780
1005;55;9291
1006;34;6320
1007;41;1005
1008;55;1551
1009;38;11933
1010;18;5859
1011;54;5661
1012;60;1999
1013;18;10913
1014;32;10362
1015;44;3365
1016;35;8518
1017;38;4116
1018;41;2002
1019;53;2630
1020;31;9462
1021;25;12456
1022;56;7469
1023;15;9686
1024;52;2651
1025;24;10662
1026;27;11564
1027;6;5591
1028;45;7492
1029;57;7009
1030;14;3563
1031;34;1569
1032;24;2414
1033;3;6640
1034;38;4540
1035;49;552
1036;24;338
1037;36;7711
1038;3;3404
1039;44;10915
1040;58;781
1041;29;3877
1042;36;830
1043;4;10395
1044;7;1203
1045;30;6061
1046;24;5953
1047;60;12312
1048;21;1448
1049;1;6445
1050;4;6315
1051;7;8689
1052;21;888
1053;38;4861
1054;8;6794
1055;59;5967
1056;28;10871
1057;21;689
1058;15;3005
1059;58;9043
1060;57;850
1061;50;10572
1062;61;1777
1063;32;4368
1064;24;1335
1065;59;7250
1066;59;5709
1067;58;10727
1068;24;10441
1069;1;6346
1070;19;9264
1071;28;9888
1072;60;10878
1073;44;432
1074;41;4948
1075;53;1208
1076;42;2229
1077;35;4845
1078;5;2161
1079;10;12465
1080;10;7287
1081;8;7255
1082;4;9405
1083;4;1934
1084;50;7634
1085;34;10783
1086;12;10309
1087;1;9524
1088;11;3566
1089;31;9711
1090;44;6119
1091;37;4648
1092;42;258
1093;36;7832
1094;4;5692
1095;9;3499
1096;45;3868
1097;49;3014
1098;10;5098
1099;22;5504
1100;45;5208
1101;33;4119
1102;52;6851
1103;4;5013
1104;6;11696
1105;37;11843
1106;12;9243
1107;32;2987
1108;16;11347
1109;34;6574
1110;7;2161
1111;26;6248
1112;51;6294
1113;52;3699
1114;36;1937
1115;40;1359
1116;61;430
1117;44;3327
1118;36;12105
1119;61;9639
1120;19;8009
1121;39;2824
1122;39;2353
1123;48;6738
1124;19;637
1125;31;8562
1126;42;2960
1127;59;9184
1128;43;3326
1129;60;5
1130;46;1995
1131;4;211
1132;26;93
1133;11;352
1134;41;2115
1135;39;11879
1136;45;8956
1137;14;4497
1138;34;7493
1139;50;5177
1140;36;4657
1141;22;1614
1142;22;10815
1143;22;3932
1144;61;4711
1145;8;10301
1146;23;2300
1147;53;4509
1148;32;4166
1149;14;4411
1150;28;7010
1151;19;149
1152;2;10519
1153;31;6
1154;11;2698
1155;40;10842
1156;24;1361
1157;51;465
1158;29;2510
1159;46;1684
1160;27;5817
1161;20;7663
1162;12;7812
1163;12;10863
1164;53;12048
1165;11;11334
1166;3;10290
1167;9;468
1168;41;1470
1169;36;11817
1170;55;10734
1171;43;9148
1172;3;5245
1173;43;7639
1174;5;11583
1175;14;4093
1176;13;7883
1177;43;11846
1178;58;4083
1179;17;4359
1180;24;3662
1181;59;11397
1182;39;7319
1183;13;12553
1184;27;8449
1185;48;12431
1186;26;3140
1187;47;530
1188;1;11946
1189;23;6956
1190;21;4162
1191;7;9372
1192;32;12467
1193;40;5067
1194;53;4204
1195;49;2106
1196;28;5868
1197;3;5865
1198;41;4953
1199;43;9014
1200;51;10569
1201;10;2881
1202;6;2928
1203;47;1601
1204;18;1908
1205;60;9104
1206;6;11184
1207;54;9086
1208;6;11214
1209;48;5438
1210;5;5902
1211;26;5897
1212;11;1943
1213;47;5441
1214;38;2933
1215;57;4567
1216;10;10885
1217;49;3416
1218;8;2804
1219;13;10204
1220;40;10888
1221;32;7303
1222;60;6085
1223;21;18
1224;9;10250
1225;54;4786
1226;11;3872
1227;44;2481
1228;42;4693
1229;41;271
1230;36;8262
1231;35;11826
1232;13;12122
1233;5;10626
1234;13;6959
1235;7;10147
1236;25;800
1237;53;10061
1238;17;7994
1239;11;8021
1240;57;12606
1241;39;10435
1242;49;6548
1243;17;636
1244;14;9181
1245;22;11196
1246;16;6958
1247;13;862
1248;25;7316
1249;61;10105
1250;50;10843
1251;44;4144
1252;49;11769
1253;42;4852
1254;20;2508
1255;38;5513
1256;28;1807
1257;11;6107
1258;56;2297
1259;36;3131
1260;56;4008
1261;35;4833
1262;2;11574
1263;50;4620
1264;47;3808
1265;9;6015
1266;36;11025
1267;33;9126
1268;15;5272
1269;6;5237
1270;29;5021
1271;58;6857
1272;3;4020
1273;9;6141
1274;15;2887
1275;41;1571
1276;49;1894
1277;35;2376
1278;27;9532
1279;20;2285
1280;14;10301
1281;28;1147
1282;36;11868
1283;19;7201
1284;25;8943
1285;35;5250
1286;58;12330
1287;35;8718
1288;40;9337
1289;47;9038
1290;34;4810
1291;39;12608
1292;3;5992
1293;40;9506
1294;20;3286
1295;14;8191
1296;33;10293
1297;47;2745
1298;42;7537
1299;37;2404
1300;22;11270
1301;51;2199
1302;50;4052
1303;51;5607
1304;42;8253
1305;1;6222
1306;56;8654
1307;40;10152
1308;37;1928
1309;50;11396
1310;25;4297
1311;38;135
1312;28;7173
1313;40;10436
1314;4;3853
1315;44;8186
1316;5;10062
1317;37;3418
1318;31;12277
1319;13;1291
1320;22;5657
1321;9;10623
1322;4;9482
1323;29;8519
1324;26;10556
1325;32;6381
1326;14;8839
1327;40;387
1328;52;4057
1329;21;11126
1330;23;815
1331;18;2655
1332;49;686
1333;40;8633
1334;22;10951
1335;16;737
1336;2;2981
1337;20;8521
1338;26;4022
1339;36;5692
1340;19;6734
1341;43;10906
1342;31;4786
1343;11;7907
1344;25;7317
1345;61;1529
1346;38;1948
1347;14;10935
1348;58;12013
1349;18;3891
1350;27;8753
1351;53;2521
1352;45;888
1353;41;5359
1354;43;4597
1355;40;2565
1356;9;8305
1357;10;5835
1358;20;8968
1359;57;9757
1360;54;4556
1361;21;1236
1362;17;9412
1363;37;8251
1364;56;8363
1365;60;12304
1366;28;1950
1367;29;2598
1368;1;4858
1369;22;3777
1370;57;8635
1371;42;4951
1372;42;9067
1373;32;1460
1374;38;2331
1375;45;12390
1376;27;12479
1377;7;6613
1378;16;3347
1379;6;11380
1380;10;5187
1381;60;10143
1382;39;249
1383;1;9539
1384;5;7602
1385;50;9674
1386;30;11140
1387;51;6038
1388;12;8459
1389;20;6950
1390;54;2136
1391;61;2197
1392;32;9467
1393;6;625
1394;28;2747
1395;19;381
1396;44;8151
1397;48;4134
1398;5;11041
1399;23;12132
1400;54;11006
1401;33;5987
1402;19;630
1403;59;9135
1404;5;1588
1405;56;4922
1406;45;11905
1407;20;1146
1408;12;2301
1409;15;7886
1410;27;11048
1411;16;9252
1412;45;1950
1413;5;10271
1414;7;6239
1415;30;3512
1416;28;5932
1417;23;309
1418;12;8881
1419;9;7691
1420;26;414
1421;19;10213
1422;22;9840
1423;49;4429
1424;1;8524
1425;51;2359
1426;12;2447
1427;53;6611
1428;55;7227
1429;16;967
1430;54;1128
1431;4;3446
1432;14;7010
1433;26;8666
1434;13;11371
1435;23;6954
1436;52;6272
1437;15;7905
1438;53;4641
1439;42;5637
1440;58;585
1441;46;6341
1442;6;11629
1443;17;7375
1444;47;1071
1445;1;9912
1446;46;8423
1447;25;5593
1448;3;818
1449;37;50
1450;36;7016
1451;45;7006
1452;35;12533
1453;52;11980
1454;31;271
1455;48;8162
1456;51;937
1457;2;7529
1458;38;5849
1459;21;381
1460;10;8759
1461;26;322
1462;21;8569
1463;9;285
1464;61;676
1465;39;10411
1466;13;10043
1467;30;8154
1468;10;1191
1469;44;5389
1470;35;4997
1471;26;7746
1472;52;6350
1473;37;7830
1474;22;5370
1475;4;6555
1476;14;11515
1477;21;10662
1478;16;3888
1479;25;10455
1480;8;3305
1481;15;7084
1482;51;10381
1483;53;9161
1484;35;7481
1485;35;867
1486;18;395
1487;12;6104
1488;9;6981
1489;44;8123
1490;17;6582
1491;22;9980
1492;28;11483
1493;16;11573
1494;8;5829
1495;60;10154
1496;26;5204
1497;35;2764
1498;56;6803
1499;12;2030
1500;50;9603
1501;43;8793
1502;37;4280
1503;49;9177
1504;6;11421
1505;10;1452
1506;24;4124
1507;54;5153
1508;1;11925
1509;21;12294
1510;20;10166
1511;34;3719
1512;55;2086
1513;16;2301
1514;31;659
1515;34;2882
1516;26;4993
1517;34;1741
1518;35;662
1519;22;336
1520;15;6870
1521;36;2280
1522;41;4545
1523;10;10435
1524;59;2219
1525;2;11389
1526;12;9840
1527;19;11403
1528;61;1405
1529;37;7810
1530;17;5457
1531;45;6785
1532;57;5096
1533;38;9185
1534;38;1026
1535;24;1794
1536;55;4188
1537;35;8484
1538;33;1666
1539;41;341
1540;4;6896
1541;22;7214
1542;37;12192
1543;43;10629
1544;58;378
1545;11;10067
1546;58;2254
1547;15;2638
1548;36;8650
1549;24;1637
1550;25;6208
1551;18;2824
1552;10;8787
1553;52;1245
1554;6;2365
1555;39;980
1556;29;1660
1557;61;11105
1558;27;12501
1559;38;6242
1560;5;416
1561;38;235
1562;59;1009
1563;35;6280
1564;13;7850
1565;1;207
1566;34;861
1567;11;1789
1568;37;7358
1569;3;6265
1570;9;9821
1571;17;7654
1572;27;3176
1573;44;6082
1574;9;1040
1575;59;6900
1576;17;3419
1577;10;11338
1578;37;23
1579;45;9536
1580;50;2448
1581;29;4266
1582;59;7423
1583;4;8112
1584;51;8033
1585;45;4288
1586;15;2071
1587;8;3916
1588;47;9003
1589;38;4350
1590;58;7831
1591;19;3915
1592;24;9748
1593;21;8896
1594;45;11605
1595;50;10406
1596;36;9476
1597;47;8507
1598;54;2164
1599;38;7062
1600;2;3122
1601;35;10944
1602;20;4262
1603;59;3640
1604;20;4409
1605;51;2520
1606;25;635
1607;40;11049
1608;61;5146
1609;8;8520
1610;30;10472
1611;50;5539
1612;54;549
1613;19;12390
1614;34;7349
1615;45;112
1616;26;12231
1617;59;10964
1618;14;4971
1619;15;9578
1620;3;4517
1621;36;6717
1622;23;8373
1623;20;9427
1624;34;7374
1625;50;1146
1626;49;11841
1627;11;6616
1628;20;9696
1629;31;3942
1630;23;12533
1631;51;5652
1632;17;11426
1633;2;8621
1634;18;11246
1635;21;6500
1636;47;11092
1637;58;11484
1638;36;4330
1639;15;997
1640;49;2034
1641;21;6225
1642;32;12204
1643;29;2444
1644;45;3242
1645;9;5729
1646;31;12494
1647;33;7512
1648;54;6461
1649;56;513
1650;57;6693
1651;42;6764
1652;20;5496
1653;40;8293
1654;61;4544
1655;1;8593
1656;22;6812
1657;37;602
1658;5;2580
1659;4;3249
1660;28;958
1661;17;11517
1662;11;9695
1663;56;12147
1664;47;1218
1665;27;8294
1666;55;3631
1667;34;3149
1668;31;6979
1669;23;4131
1670;2;318
1671;15;5385
1672;54;8382
1673;59;1058
1674;59;4539
1675;47;7403
1676;18;10053
1677;31;11600
1678;18;10251
1679;54;6640
1680;50;1707
1681;58;6373
1682;17;773
1683;34;11589
1684;13;841
1685;29;2615
1686;58;3305
1687;49;9292
1688;58;9067
1689;4;3108
1690;27;2787
1691;29;9485
1692;50;4508
1693;37;10186
1694;6;1157
1695;21;6219
1696;48;5517
1697;61;7286
1698;19;6646
1699;44;8194
1700;41;4773
1701;60;9139
1702;4;8161
1703;3;12217
1704;54;7435
1705;4;418
1706;1;12426
1707;42;8016
1708;50;9812
1709;44;758
1710;36;4159
1711;15;3275
1712;33;8956
1713;19;2968
1714;12;11925
1715;46;1805
1716;6;11937
1717;10;5268
1718;49;2458
1719;47;4710
1720;9;9880
1721;54;3241
1722;28;1696
1723;13;1445
1724;13;11848
1725;40;5553
1726;23;953
1727;5;8770
1728;54;11995
1729;7;11056
1730;48;7518
1731;32;178
1732;58;2153
1733;58;7845
1734;31;5799
1735;25;11163
1736;25;10907
1737;14;5012
1738;55;9847
1739;31;8031
1740;34;463
1741;27;49
1742;29;2156
1743;56;10443
1744;21;5302
1745;2;3310
1746;10;10319
1747;47;10431
1748;12;221
1749;32;3677
1750;8;7340
1751;35;7799
1752;51;2243
1753;13;11099
1754;7;7730
1755;3;3390
1756;39;6611
1757;11;12057
1758;58;6611
1759;24;6517
1760;36;3239
1761;54;7083
1762;47;3283
1763;50;4677
1764;10;2206
1765;12;4157
1766;47;6676
1767;7;5872
1768;59;5697
1769;12;5717
1770;24;9944
1771;14;6552
1772;30;10539
1773;35;4407
1774;15;6041
1775;53;12476
1776;25;5573
1777;2;9939
1778;7;7240
1779;54;7759
1780;25;6431
1781;10;3376
1782;38;9597
1783;52;984
1784;54;9844
1785;1;5059
1786;57;602
1787;22;4427
1788;43;5123
1789;6;10226
1790;39;3361
1791;56;10849
1792;61;1994
1793;27;11162
1794;17;7466
1795;13;5075
1796;21;1900
1797;30;6588
1798;8;10505
1799;51;7979
1800;38;8817
1801;46;10498
1802;32;1839
1803;32;1047
1804;60;9123
1805;9;4881
1806;15;12323
1807;48;10767
1808;58;8776
1809;42;6822
1810;6;12169
1811;27;9688
1812;55;6889
1813;36;2180
1814;40;12466
1815;19;11157
1816;45;8887
1817;13;6157
1818;53;1857
1819;45;12447
1820;45;5779
1821;49;6188
1822;27;786
1823;7;2166
1824;3;5871
1825;34;6035
1826;20;2439
1827;49;6069
1828;34;8293
1829;31;348
1830;47;12574
1831;51;4741
1832;2;4028
1833;4;5232
1834;28;10259
1835;54;5685
1836;3;917
1837;22;12478
1838;53;11551
1839;11;7388
1840;61;11260
1841;34;9765
1842;55;2773
1843;46;10998
1844;51;1252
1845;25;1944
1846;3;350
1847;8;7139
1848;14;3405
1849;2;207
1850;12;5808
1851;3;9530
1852;15;1550
1853;11;1292
1854;24;7479
1855;6;10960
1856;20;4529
1857;5;6643
1858;39;7616
1859;2;4560
1860;11;7981
1861;61;930
1862;18;5292
1863;36;2615
1864;20;5679
1865;50;11988
1866;21;1790
1867;19;6168
1868;59;9571
1869;1;7935
1870;20;12056
1871;22;9068
1872;55;6535
1873;50;2340
1874;39;8082
1875;18;9373
1876;16;9499
1877;20;12407
1878;36;7417
1879;43;3894
1880;25;8479
1881;48;7406
1882;4;2904
1883;8;9203
1884;17;9463
1885;54;4038
1886;31;4211
1887;46;3479
1888;14;6311
1889;45;4352
1890;50;9155
1891;59;7327
1892;30;9552
1893;12;3291
1894;54;2047
1895;57;11236
1896;41;1915
1897;52;2215
1898;22;4131
1899;31;5933
1900;53;6161
1901;9;8486
1902;54;3927
1903;4;2925
1904;44;12342
1905;57;10605
1906;47;2073
1907;27;6189
1908;36;3137
1909;1;3930
1910;1;7439
1911;45;7503
1912;15;4850
1913;59;11910
1914;25;10027
1915;29;10457
1916;49;4946
1917;54;1439
1918;49;3544
1919;55;9627
1920;14;10776
1921;1;6886
1922;47;4782
1923;60;10763
1924;10;7211
1925;60;4966
1926;61;2196
1927;51;432
1928;31;6553
1929;53;5184
1930;31;5693
1931;5;4767
1932;59;2401
1933;15;3257
1934;39;7534
1935;56;1342
1936;6;4519
1937;55;2227
1938;60;8130
1939;53;572
1940;12;10640
1941;25;5043
1942;24;6543
1943;9;12550
1944;8;1479
1945;58;87
1946;61;5422
1947;5;10500
1948;45;7270
1949;38;11512
1950;44;593
1951;32;9410
1952;39;11400
1953;33;2560
1954;29;5536
1955;28;9363
1956;7;4314
1957;59;9599
1958;59;2680
1959;20;5924
1960;58;8
1961;37;3954
1962;15;1459
1963;7;10812
1964;42;8982
1965;39;10624
1966;51;11422
1967;17;8890
1968;39;6540
1969;52;3698
1970;14;8390
1971;43;7465
1972;50;611
1973;23;7012
1974;2;12393
1975;39;8346
1976;19;872
1977;2;509
1978;31;9828
1979;50;2874
1980;39;3485
1981;38;3575
1982;5;3898
1983;7;5554
1984;3;2874
1985;55;10347
1986;22;7202
1987;35;2928
1988;46;4460
1989;26;7332
1990;61;6849
1991;37;11965
1992;21;12224
1993;17;7877
1994;7;9593
1995;51;10243
1996;5;7516
1997;36;6413
1998;14;2599
1999;22;11031
2000;55;1152
2001;51;8052
2002;43;2727
2003;17;2948
2004;37;11883
2005;24;6121
2006;3;8853
2007;54;4457
2008;58;2557
2009;7;2644
2010;7;12229
2011;11;980
2012;9;6815
2013;5;6306
2014;46;10041
2015;7;7806
2016;57;1222
2017;32;9575
2018;35;4296
2019;19;10080
2020;46;5964
2021;29;11598
2022;54;12553
2023;5;2478
2024;61;3933
2025;11;10213
2026;21;8235
2027;38;9306
2028;25;527
2029;27;4292
2030;33;5951
2031;60;10792
2032;3;7918
2033;41;12136
2034;53;6691
2035;42;6236
2036;24;1118
2037;4;5486
2038;6;7923
2039;41;2156
2040;4;9208
2041;60;5988
2042;12;743
2043;4;6933
2044;56;7856
2045;26;2763
2046;53;11523
2047;12;7505
2048;53;7469
2049;5;2848
2050;33;1182
2051;6;2987
2052;58;3322
2053;60;7303
2054;8;10905
2055;15;21
2056;50;1166
2057;47;11435
2058;18;7860
2059;18;5938
2060;16;11624
2061;26;8123
2062;43;10483
2063;17;4168
2064;4;5556
2065;30;1508
2066;25;2271
2067;38;8120
2068;50;277
2069;18;4902
2070;6;74
2071;34;2784
2072;10;11359
2073;11;4866
2074;27;10628
2075;49;5922
2076;54;3554
2077;32;3977
2078;38;8557
2079;37;6128
2080;39;10864
2081;5;7554
2082;9;6966
2083;14;8589
2084;48;2394
2085;51;4490
2086;3;12529
2087;40;10380
2088;31;5751
2089;7;10421
2090;4;12311
2091;1;7238
2092;20;749
2093;31;8381
2094;13;58
2095;50;12034
2096;50;958
2097;29;8374
2098;24;837
2099;57;3270
2100;3;250
2101;15;8436
2102;42;6215
2103;21;6435
2104;16;1481
2105;47;7311
2106;16;5958
2107;46;7946
2108;59;10657
2109;51;3258
2110;17;2568
2111;6;2007
2112;22;5548
2113;56;4736
2114;53;11115
2115;34;8976
2116;29;711
2117;47;12302
2118;40;1352
2119;7;3305
2120;51;11313
2121;57;2187
2122;16;1488
2123;35;6260
2124;4;5643
2125;39;7190
2126;10;2569
2127;44;3680
2128;35;3941
2129;12;12279
2130;60;3374
2131;8;563
2132;32;1135
2133;28;2028
2134;17;6774
2135;18;2620
2136;42;2472
2137;23;10708
2138;47;250
2139;5;1145
2140;56;8489
2141;39;8970
2142;20;8869
2143;53;11841
2144;12;164
2145;30;1602
2146;39;1080
2147;31;5637
2148;16;7898
2149;5;10150
2150;27;6921
2151;14;7320
2152;56;5960
2153;43;6585
2154;57;4480
2155;54;5284
2156;27;6769
2157;43;7994
2158;41;11053
2159;34;9308
2160;12;5075
2161;39;6418
2162;2;7926
2163;14;5503
2164;43;10218
2165;53;2549
2166;54;9209
2167;20;7551
2168;15;8983
2169;58;5348
2170;23;12524
2171;45;3218
2172;12;1281
2173;50;286
2174;5;2349
2175;58;1644
2176;23;9658
2177;35;10354
2178;59;5187
2179;18;2430
2180;10;4924
2181;55;6456
2182;12;1074
2183;28;1005
2184;9;2553
2185;57;2716
2186;58;1406
2187;2;10806
2188;16;12176
2189;50;1161
2190;29;4353
2191;37;3784
2192;17;4870
2193;14;11488
2194;14;5338
2195;5;7447
2196;43;4532
2197;2;3679
2198;10;1535
2199;5;963
2200;56;9930
2201;40;10025
2202;39;5812
2203;39;7352
2204;40;7602
2205;18;7738
2206;11;6509
2207;31;3328
2208;27;6728
2209;12;12435
2210;42;4339
2211;19;5880
2212;12;7068
2213;13;429
2214;57;7406
2215;31;6385
2216;18;5660
2217;2;9428
2218;36;8357
2219;47;9215
2220;36;3546
2221;52;1289
2222;9;10854
2223;12;11518
2224;6;9010
2225;13;4924
2226;16;8786
2227;11;8663
2228;59;8229
2229;21;8770
2230;44;2661
2231;1;3662
2232;50;4723
2233;26;4335
2234;51;4012
2235;57;4829
2236;6;1318
2237;11;6763
2238;59;11542
2239;42;4267
2240;27;12543
2241;21;5665
2242;14;11456
2243;55;1604
2244;9;1125
2245;39;6124
2246;23;3385
2247;7;2055
2248;38;2152
2249;14;7520
2250;44;10945
2251;2;12314
2252;28;8101
2253;35;6617
2254;21;1882
2255;39;8044
2256;9;5213
2257;37;111
2258;41;8853
2259;21;8683
2260;21;3277
2261;58;18
2262;13;3326
2263;55;9417
2264;39;8151
2265;45;1266
2266;11;8686
2267;27;4085
2268;5;9670
2269;10;4396
2270;5;11945
2271;28;455
2272;27;1835
2273;35;9806
2274;36;4544
2275;35;11457
2276;35;5257
2277;3;6807
2278;15;10336
2279;31;989
2280;35;3555
2281;56;10863
2282;51;10202
2283;8;8724
2284;15;12080
2285;41;6625
2286;60;8622
2287;11;1894
2288;31;5540
2289;30;11244
2290;54;1923
2291;11;3117
2292;3;11278
2293;56;3412
2294;38;4328
2295;2;10259
2296;18;1205
2297;49;769
2298;45;10443
2299;48;1042
2300;42;1654
2301;27;8920
2302;7;5698
2303;49;1558
2304;5;1193
2305;48;739
2306;58;8167
2307;22;1826
2308;43;3008
2309;33;10848
2310;48;7473
2311;25;6581
2312;12;8894
2313;17;2614
2314;6;10256
2315;44;8635
2316;29;4365
2317;55;6252
2318;23;6305
2319;43;12335
2320;24;6867
2321;8;4829
2322;20;1327
2323;4;5156
2324;37;12154
2325;46;6556
2326;34;5197
2327;3;7834
2328;29;11424
2329;25;7152
2330;8;5879
2331;29;1277
2332;23;7995
2333;52;7260
2334;56;956
2335;56;9283
2336;40;9350
2337;32;10910
2338;19;4715
2339;39;11073
2340;32;8974
2341;51;9027
2342;29;10163
2343;50;3738
2344;1;9881
2345;38;2361
2346;40;11719
2347;35;3321
2348;25;11639
2349;24;7895
2350;18;5410
2351;13;8740
2352;37;9144
2353;6;5693
2354;43;6392
2355;26;3833
2356;48;12126
2357;60;3243
2358;44;9557
2359;37;6579
2360;60;5337
2361;14;4460
2362;41;5559
2363;55;2096
2364;6;12529
2365;59;1538
2366;34;2458
2367;30;11004
2368;35;11551
2369;6;5952
2370;33;5624
2371;14;2538
2372;52;6933
2373;36;4458
2374;52;6297
2375;58;8550
2376;61;3217
2377;26;1883
2378;27;10450
2379;31;5129
2380;57;3767
2381;25;9562
2382;45;33
2383;9;8756
2384;9;4853
2385;22;11005
2386;43;4453
2387;55;4772
2388;39;7578
2389;25;9398
2390;35;6534
2391;37;12517
2392;5;2395
2393;11;12040
2394;34;8800
2395;4;1301
2396;7;6505
2397;6;6683
2398;32;324
2399;32;9943
2400;49;5618
2401;13;222
2402;31;7734
2403;57;289
2404;43;1805
2405;21;6570
2406;4;6782
2407;22;1958
2408;41;6119
2409;20;1938
2410;45;4126
2411;40;3472
2412;51;9189
2413;36;1417
2414;58;7617
2415;47;2142
2416;61;6208
2417;28;2010
2418;51;7632
2419;19;7656
2420;31;9670
2421;11;1367
2422;26;1275
2423;53;7349
2424;26;11338
2425;4;10215
2426;61;998
2427;26;1196
2428;58;2298
2429;33;8031
2430;25;4760
2431;54;11218
2432;18;2239
2433;14;5625
2434;44;6050
2435;10;6253
2436;59;8428
2437;4;12473
2438;47;499
2439;59;7552
2440;1;11425
2441;51;4358
2442;5;11823
2443;56;4376
2444;56;7178
2445;2;3586
2446;9;10060
2447;35;4766
2448;30;7537
2449;31;6778
2450;38;5253
2451;57;12394
2452;56;2783
2453;35;7888
2454;12;6631
2455;44;10175
2456;50;9458
2457;47;948
2458;28;5915
2459;35;6170
2460;54;10904
2461;19;8130
2462;51;5561
2463;36;2336
2464;34;6539
2465;56;8651
2466;13;10154
2467;54;1631
2468;30;947
2469;61;3467
2470;43;7891
2471;61;11580
2472;52;10980
2473;32;4941
2474;54;7319
2475;5;2531
2476;35;5846
2477;60;6467
2478;36;1487
2479;19;3936
2480;45;8761
2481;31;7454
2482;60;447
2483;46;9845
2484;33;9722
2485;50;4938
2486;10;492
2487;34;6483
2488;59;6189
2489;39;5952
2490;7;1281
2491;43;11842
2492;34;6063
2493;40;12146
2494;52;257
2495;48;7712
2496;23;12508
2497;20;7081
2498;45;2130
2499;4;5677
2500;13;6788
2501;42;3974
2502;53;4831
2503;20;11055
2504;7;5668
2505;7;4258
2506;9;6503
2507;52;5292
2508;20;11208
2509;52;3711
2510;49;10559
2511;25;583
2512;55;5572
2513;21;4178
2514;47;563
2515;22;3085
2516;31;12357
2517;7;1943
2518;34;8796
2519;14;2835
2520;25;4033
2521;27;9925
2522;24;4641
2523;28;7615
2524;31;6441
2525;43;3438
2526;19;3910
2527;15;11230
2528;48;3200
2529;33;6407
2530;50;2925
2531;23;12165
2532;15;3101
2533;4;12027
2534;50;6062
2535;26;8600
2536;9;2809
2537;34;2697
2538;45;9363
2539;22;8383
2540;38;9631
2541;31;3688
2542;42;5637
2543;38;1971
2544;2;6081
2545;60;9333
2546;51;3992
2547;37;11262
2548;12;293
2549;37;1472
2550;54;12379
2551;10;12132
2552;10;10305
2553;39;12270
2554;1;5165
2555;3;4515
2556;13;5813
2557;5;1191
2558;35;2075
2559;8;7352
2560;14;10769
2561;17;3708
2562;14;3535
2563;17;3578
2564;20;10527
2565;45;11369
2566;44;8497
2567;9;4980
2568;61;292
2569;40;12522
2570;33;6071
2571;27;3823
2572;45;10176
2573;45;9434
2574;28;3566
2575;43;6978
2576;58;8210
2577;46;5757
2578;60;9533
2579;22;1665
2580;20;4241
2581;49;12305
2582;9;411
2583;55;356
2584;33;7303
2585;33;2675
2586;48;1123
2587;36;10079
2588;55;9851
2589;32;12275
2590;45;9590
2591;56;1902
2592;31;11680
2593;5;6382
2594;25;778
2595;29;5057
2596;43;12337
2597;55;4552
2598;47;5225
2599;57;8465
2600;29;1546
2601;61;7008
2602;56;156
2603;9;11349
2604;2;2504
2605;12;4985
2606;4;12513
2607;57;1996
2608;40;4194
2609;27;4528
2610;31;3035
2611;42;4257
2612;24;8574
2613;45;7615
2614;24;3359
2615;37;11544
2616;13;33
2617;19;6963
2618;37;260
2619;59;7139
2620;30;1471
2621;4;6316
2622;44;5678
2623;34;9209
2624;52;8128
2625;57;8098
2626;33;358
2627;1;12066
2628;30;9316
2629;1;6442
2630;30;8880
2631;60;1624
2632;31;4922
2633;44;4877
2634;15;714
2635;13;3631
2636;17;12589
2637;7;11092
2638;29;7293
2639;41;8608
2640;34;5973
2641;35;9401
2642;43;1901
2643;8;7883
2644;2;6937
2645;49;11506
2646;51;4056
2647;10;8445
2648;38;6848
2649;56;1824
2650;32;4716
2651;52;7368
2652;35;6429
2653;15;2009
2654;13;12308
2655;2;7194
2656;25;541
2657;25;814
2658;55;10378
2659;52;8798
2660;49;3214
2661;54;2785
2662;43;1139
2663;31;332
2664;9;4895
2665;1;9036
2666;13;859
2667;31;5723
2668;5;7837
2669;44;10350
2670;28;10347
2671;52;1961
2672;33;817
2673;17;9772
2674;10;2906
2675;4;4443
2676;45;4396
2677;22;8213
2678;32;1711
2679;35;12476
2680;13;6578
2681;37;8526
2682;49;9767
2683;40;4178
2684;10;3590
2685;5;11791
2686;27;2697
2687;22;9655
2688;17;10025
2689;49;5861
2690;23;10416
2691;29;2621
2692;33;2534
2693;27;8955
2694;55;10904
2695;44;6175
2696;15;11677
2697;29;6632
2698;17;10664
2699;2;1894
2700;7;7370
2701;45;9854
2702;51;2259
2703;16;9066
2704;8;7783
2705;38;11377
2706;54;11489
2707;56;2180
2708;5;11086
2709;9;5898
2710;17;4909
2711;38;12023
2712;31;3983
2713;22;2637
2714;16;7574
2715;57;8849
2716;49;2724
2717;13;1837
2718;5;6546
2719;17;6437
2720;52;10182
2721;35;7930
2722;38;5585
2723;48;7906
2724;43;4031
2725;31;4847
2726;12;705
2727;50;2664
2728;21;9582
2729;37;2251
2730;15;5233
2731;25;6917
2732;35;6939
2733;57;1925
2734;52;8162
2735;55;9939
2736;28;7173
2737;22;12146
2738;32;4828
2739;14;1602
2740;30;11952
2741;8;1036
2742;23;4750
2743;24;1470
2744;5;11881
2745;15;8741
2746;30;4569
2747;1;385
2748;18;4462
2749;50;3997
2750;50;2110
2751;61;6252
2752;9;8489
2753;3;11382
2754;48;9543
2755;42;6869
2756;38;7687
2757;18;7065
2758;61;5604
2759;11;9979
2760;48;2758
2761;33;10743
2762;29;12250
2763;52;3925
2764;59;1365
2765;28;10879
2766;60;4558
2767;57;7290
2768;27;3161
2769;10;5886
2770;44;8977
2771;41;9248
2772;29;10160
2773;17;5493
2774;47;2533
2775;2;6408
2776;28;6515
2777;25;1321
2778;58;11949
2779;17;8983
2780;2;6951
2781;50;174
2782;45;10869
2783;7;4680
2784;46;5364
2785;26;6815
2786;57;3130
2787;56;11171
2788;3;10591
2789;52;3816
2790;21;6453
2791;56;674
2792;31;7556
2793;45;6326
2794;27;9489
2795;16;7524
2796;18;1581
2797;6;12339
2798;22;10335
2799;54;9223
2800;39;3425
2801;6;5724
2802;57;2393
2803;52;9660
2804;31;12501
2805;35;7287
2806;42;7476
2807;34;85
2808;21;12343
2809;1;9061
2810;39;6778
2811;46;7537
2812;25;1551
2813;45;7879
2814;18;5058
2815;1;8301
2816;61;3643
2817;12;3581
2818;32;4960
2819;34;4854
2820;16;9505
2821;8;8137
2822;51;10428
2823;26;7919
2824;45;531
2825;58;7146
2826;17;9202
2827;3;9887
2828;57;1770
2829;28;9762
2830;57;2400
2831;4;5230
2832;7;4383
2833;57;470
2834;44;2917
2835;44;10489
2836;56;10377
2837;32;10071
2838;20;2672
2839;23;12318
2840;35;6733
2841;42;577
2842;41;8401
2843;44;3223
2844;3;9173
2845;3;2372
2846;49;1876
2847;54;8207
2848;36;3440
2849;40;10317
2850;6;8810
2851;14;11905
2852;23;4770
2853;33;5994
2854;53;1015
2855;48;11979
2856;41;6266
2857;41;1073
2858;22;8042
2859;26;2385
2860;36;8381
2861;8;4183
2862;40;6050
2863;60;11041
2864;53;82
2865;44;12400
2866;61;1339
2867;10;1539
2868;52;9671
2869;10;4782
2870;38;10320
2871;37;10204
2872;22;8369
2873;48;2926
2874;28;8305
2875;18;5775
2876;1;3453
2877;7;7744
2878;28;7990
2879;1;1551
2880;56;7659
2881;54;1639
2882;26;1654
2883;16;4592
2884;6;4838
2885;38;9109
2886;34;10125
2887;51;1520
2888;9;2220
2889;21;7527
2890;49;7604
2891;23;10969
2892;38;6606
2893;7;5
2894;57;4120
2895;14;232
2896;16;10591
2897;38;12247
2898;30;4472
2899;5;10191
2900;23;4229
2901;12;814
2902;49;4993
2903;33;9385
2904;18;8131
2905;16;12352
2906;29;8415
2907;18;8353
2908;22;9207
2909;17;6043
2910;37;11523
2911;23;12243
2912;1;12322
2913;22;10551
2914;18;30
2915;10;900
2916;6;11160
2917;37;2958
2918;18;5434
2919;19;9408
2920;11;2055
2921;20;5340
2922;37;645
2923;35;205
2924;60;3388
2925;25;3201
2926;34;9809
2927;12;5405
2928;50;1270
2929;6;4794
2930;52;7477
2931;19;1216
2932;38;7257
2933;57;12021
2934;1;4381
2935;7;1180
2936;53;7739
2937;33;7579
2938;25;11150
2939;60;8395
2940;26;6786
2941;28;4697
2942;40;7882
2943;49;10247
2944;31;11959
2945;2;10069
2946;45;2715
2947;44;10379
2948;39;4455
2949;14;12425
2950;34;6521
2951;17;6017
2952;4;602
2953;57;4989
2954;44;8912
2955;55;11789
2956;3;1543
2957;22;6879
2958;3;7452
2959;33;8286
2960;26;6352
2961;45;11871
2962;60;558
2963;4;7606
2964;33;11014
2965;23;8545
2966;19;9430
2967;39;3902
2968;41;10199
2969;60;1303
2970;47;2297
2971;36;3016
2972;53;5418
2973;5;10271
2974;57;2642
2975;20;11421
2976;4;5468
2977;18;3195
2978;28;7120
2979;54;7181
2980;58;11792
2981;33;7013
2982;59;440
2983;18;10115
2984;55;6317
2985;42;4846
2986;13;10624
2987;52;4410
2988;10;7876
2989;34;1142
2990;18;67
2991;55;803
2992;2;7686
2993;33;4842
2994;1;7532
2995;11;8802
2996;52;11832
2997;15;5285
2998;16;12048
2999;47;12204
3000;37;2240
3001;26;8466
3002;35;10575
3003;46;10035
3004;49;5663
3005;18;1154
3006;54;10047
3007;4;7569
3008;39;3105
3009;51;10607
3010;10;12273
3011;33;7554
3012;20;5209
3013;8;3036
3014;33;5357
3015;51;10189
3016;49;8426
3017;17;2964
3018;7;11707
3019;11;1850
3020;1;2160
3021;11;6995
3022;52;4653
3023;60;10390
3024;15;8451
3025;40;6348
3026;59;10918
3027;15;7966
3028;53;2134
3029;10;12135
3030;16;9468
3031;16;3448
3032;20;7109
3033;52;7507
3034;50;3342
3035;22;9157
3036;50;4609
3037;31;2190
3038;60;6307
3039;44;1334
3040;15;6158
3041;15;7293
3042;29;11195
3043;43;2601
3044;15;3371
3045;18;6249
3046;20;6728
3047;33;8710
3048;2;176
3049;44;3637
3050;52;6030
3051;35;12590
3052;16;5427
3053;45;3552
3054;20;7716
3055;46;4191
3056;2;669
3057;14;202
3058;58;12393
3059;59;3080
3060;58;9369
3061;37;9499
3062;17;12384
3063;61;10234
3064;27;6923
3065;15;71
3066;19;11310
3067;34;8401
3068;4;1540
3069;8;12179
3070;36;12368
3071;11;1794
3072;48;1310
3073;60;8484
3074;3;8189
3075;5;2334
3076;33;10994
3077;28;10882
3078;42;4851
3079;14;6162
3080;58;11028
3081;2;10735
3082;27;10743
3083;49;5806
3084;40;6010
3085;42;2352
3086;8;4752
3087;16;4032
3088;45;2968
3089;43;1808
3090;7;3424
3091;40;7761
3092;11;3234
3093;31;7089
3094;44;4545
3095;54;1735
3096;49;12234
3097;34;4941
3098;12;6511
3099;10;5995
3100;21;9124
3101;3;9193
3102;46;6340
3103;61;860
3104;55;4336
3105;26;1683
3106;46;8662
3107;58;1250
3108;5;11754
3109;55;4873
3110;42;7986
3111;5;9467
3112;14;8141
3113;1;5497
3114;19;2262
3115;28;7762
3116;20;4088
3117;51;814
3118;42;8184
3119;19;8584
3120;30;10309
3121;51;9529
3122;9;6688
3123;43;11823
3124;15;1287
3125;54;11623
3126;53;2139
3127;55;10405
3128;27;5429
3129;30;10470
3130;23;2541
3131;32;3036
3132;11;3469
3133;43;6421
3134;56;5722
3135;37;4623
3136;56;2027
3137;3;992
3138;22;4796
3139;9;11363
3140;3;10695
3141;39;11939
3142;16;2406
3143;53;6824
3144;8;1749
3145;11;5361
3146;15;11820
3147;17;1626
3148;16;1773
3149;17;2495
3150;38;746
3151;7;5777
3152;13;9800
3153;39;9953
3154;52;5855
3155;48;8242
3156;46;5115
3157;20;4453
3158;29;6520
3159;54;3399
3160;15;412
3161;61;11918
3162;30;4949
3163;55;4660
3164;33;8988
3165;3;12193
3166;31;1126
3167;59;5503
3168;20;2092
3169;12;11792
3170;52;1750
3171;29;5051
3172;41;5687
3173;25;11422
3174;39;9210
3175;22;2622
3176;6;871
3177;37;10185
3178;49;10201
3179;13;6340
3180;28;10714
3181;51;12232
3182;18;1321
3183;41;10128
3184;19;5202
3185;61;930
3186;35;9502
3187;44;401
3188;26;9650
3189;61;6098
3190;10;7754
3191;53;11037
3192;58;12568
3193;34;8085
3194;8;839
3195;48;6121
3196;27;8365
3197;56;12177
3198;39;10949
3199;1;374
3200;58;372
3201;29;77
3202;4;4172
3203;37;9647
3204;14;4897
3205;60;10621
3206;61;5317
3207;31;4869
3208;17;6317
3209;29;4543
3210;59;4083
3211;61;4763
3212;60;288
3213;49;4718
3214;13;8062
3215;7;6916
3216;43;8301
3217;59;5676
3218;49;6921
3219;3;6306
3220;21;9943
3221;20;4579
3222;24;7130
3223;44;9154
3224;41;552
3225;20;4631
3226;10;5597
3227;30;11413
3228;10;8652
3229;1;5524
3230;24;9271
3231;36;10457
3232;23;1350
3233;59;11991
3234;3;5447
3235;49;6775
3236;22;6163
3237;37;8497
3238;39;3795
3239;14;1249
3240;42;10578
3241;49;1399
3242;39;6602
3243;33;10195
3244;17;11372
3245;57;1920
3246;36;1545
3247;17;5797
3248;42;11593
3249;40;9972
3250;7;5352
3251;60;10773
3252;4;4840
3253;18;8206
3254;60;4902
3255;58;9693
3256;55;2541
3257;51;1922
3258;55;8604
3259;39;10562
3260;17;10036
3261;44;4797
3262;8;1991
3263;36;2356
3264;47;3968
3265;4;5177
3266;22;7178
3267;49;2167
3268;48;6733
3269;9;7431
3270;47;8325
3271;38;11706
3272;41;12235
3273;18;10521
3274;26;11382
3275;33;4158
3276;27;712
3277;37;12161
3278;18;2605
3279;5;8196
3280;13;219
3281;46;9260
3282;28;6594
3283;7;3313
3284;39;2660
3285;29;7551
3286;59;10073
3287;33;5105
3288;9;2868
3289;30;3676
3290;14;5634
3291;13;3285
3292;9;191
3293;4;1465
3294;51;4986
3295;15;10100
3296;61;10237
3297;32;11607
3298;55;11943
3299;27;10863
3300;42;6211
3301;56;1005
3302;8;9789
3303;17;10726
3304;3;10476
3305;49;6908
3306;41;12336
3307;31;5739
3308;40;12033
3309;13;6762
3310;18;2123
3311;12;6311
3312;35;4344
3313;37;4707
3314;9;3837
3315;60;5819
3316;41;6429
3317;6;6119
3318;5;11047
3319;2;212
3320;3;883
3321;25;5492
3322;55;9902
3323;8;1471
3324;40;11471
3325;8;1548
3326;20;8462
3327;12;3161
3328;33;8188
3329;37;7056
3330;4;4203
3331;29;5698
3332;10;8200
3333;2;11902
3334;41;128
3335;59;164
3336;26;6941
3337;17;5993
3338;42;5885
3339;25;9542
3340;46;3930
3341;52;7327
3342;28;550
3343;43;9677
3344;61;8795
3345;1;113
3346;44;6689
3347;5;846
3348;21;9309
3349;55;7236
3350;30;9156
3351;9;8722
3352;15;8969
3353;4;2144
3354;53;8197
3355;3;8873
3356;6;5966
3357;35;4213
3358;36;10750
3359;61;2161
3360;8;477
3361;35;2276
3362;8;9736
3363;20;11499
3364;20;2980
3365;21;10366
3366;18;10468
3367;25;10859
3368;21;2770
3369;59;979
3370;3;4459
3371;49;9819
3372;29;4465
3373;22;1611
3374;44;11776
3375;46;8352
3376;29;12249
3377;16;12356
3378;37;2104
3379;27;7640
3380;28;8441
3381;56;422
3382;32;6195
3383;31;6827
3384;32;10311
3385;44;12434
3386;58;7014
3387;13;10712
3388;11;2160
3389;40;3389
3390;4;8320
3391;23;11831
3392;45;5956
3393;6;8731
3394;4;3011
3395;58;6173
3396;14;9048
3397;44;4115
3398;23;1199
3399;57;4435
3400;16;9676
3401;16;3744
3402;56;3382
3403;23;9681
3404;42;1202
3405;61;6371
3406;18;8613
3407;50;11769
3408;26;3395
3409;26;5912
3410;8;2770
3411;31;3639
3412;27;5989
3413;48;5614
3414;33;5419
3415;13;11049
3416;8;10205
3417;29;1674
3418;10;5658
3419;50;7339
3420;47;4778
3421;40;7583
3422;41;6648
3423;6;11987
3424;51;1462
3425;35;12470
3426;51;4615
3427;36;4238
3428;32;11929
3429;8;325
3430;46;2544
3431;25;4508
3432;23;8524
3433;49;11255
3434;44;7348
3435;13;6382
3436;22;7579
3437;12;2107
3438;35;10197
3439;57;6001
3440;14;1738
3441;37;2716
3442;7;5228
3443;12;4987
3444;20;7893
3445;42;6271
3446;6;4676
3447;12;1298
3448;14;2292
3449;25;4873
3450;46;10604
3451;58;6708
3452;16;4900
3453;1;7353
3454;31;11802
3455;30;2612
3456;60;8593
3457;20;266
3458;17;1508
3459;17;8190
3460;53;7839
3461;46;479
3462;3;8645
3463;28;1415
3464;39;10121
3465;35;3411
3466;2;10738
3467;47;3772
3468;10;2711
3469;9;8917
3470;14;8513
3471;47;3502
3472;19;9481
3473;17;720
3474;45;3060
3475;9;5089
3476;49;11565
3477;30;10128
3478;36;5374
3479;29;8093
3480;51;10207
3481;20;8301
3482;7;4668
3483;41;7591
3484;4;7159
3485;55;11283
3486;56;1533
3487;57;6581
3488;57;7163
3489;1;11283
3490;5;11817
3491;42;4173
3492;20;11923
3493;3;3577
3494;53;8567
3495;31;8100
3496;28;3967
3497;45;2252
3498;36;11791
3499;51;11803
3500;44;10864
3501;60;625
3502;42;3782
3503;45;1567
3504;5;3672
3505;18;7049
3506;41;1643
3507;31;6103
3508;46;2820
3509;59;7051
3510;3;1524
3511;58;12398
3512;1;8518
3513;36;3874
3514;43;6386
3515;58;11658
3516;34;1856
3517;54;6987
3518;35;46
3519;52;7555
3520;28;11935
3521;40;11030
3522;14;8265
3523;58;5053
3524;41;262
3525;36;9658
3526;30;2293
3527;29;9564
3528;33;5244
3529;56;9816
3530;45;7265
3531;43;370
3532;59;231
3533;42;4986
3534;21;3119
3535;30;12184
3536;17;5150
3537;21;9928
3538;55;6825
3539;16;10251
3540;18;8531
3541;1;5832
3542;50;570
3543;7;11313
3544;1;5539
3545;1;3118
3546;18;6826
3547;6;6677
3548;20;1227
3549;22;3101
3550;21;1379
3551;11;10740
3552;32;705
3553;47;5187
3554;26;4861
3555;18;212
3556;27;3720
3557;10;7116
3558;29;2061
3559;48;6244
3560;13;3668
3561;30;2833
3562;9;5584
3563;3;1915
3564;61;4431
3565;13;245
3566;55;2540
3567;7;2228
3568;23;3108
3569;19;10009
3570;58;6872
3571;18;7223
3572;56;1518
3573;27;5934
3574;21;6928
3575;13;8358
3576;10;1904
3577;38;509
3578;4;12052
3579;4;4185
3580;33;3239
3581;34;8492
3582;59;11201
3583;32;1836
3584;22;2398
3585;60;5473
3586;21;12308
3587;29;11374
3588;35;4998
3589;52;7108
3590;20;8128
3591;18;1932
3592;4;3571
3593;5;1439
3594;48;6504
3595;49;7225
3596;10;8113
3597;38;5360
3598;32;8407
3599;36;2195
3600;54;270
3601;42;3994
3602;19;4377
3603;22;2317
3604;3;4025
3605;10;8854
3606;26;6882
3607;18;5080
3608;37;9156
3609;19;11645
3610;41;10195
3611;21;6210
3612;48;3178
3613;50;4651
3614;42;11993
3615;29;8921
3616;10;8257
3617;19;4634
3618;31;6119
3619;9;10109
3620;12;10061
3621;14;12427
3622;9;12241
3623;48;12087
3624;34;4058
3625;54;1589
3626;31;4762
3627;24;11795
3628;59;3473
3629;44;7285
3630;52;4544
3631;20;2454
3632;4;10715
3633;59;9208
3634;45;1121
3635;41;6582
3636;29;5652
3637;13;9363
3638;18;6664
3639;56;3574
3640;38;8878
3641;23;9830
3642;61;124
3643;49;10896
3644;11;1569
3645;21;12000
3646;39;8470
3647;38;2277
3648;34;450
3649;27;4493
3650;34;10665
3651;59;1988
3652;4;4413
3653;47;4351
3654;16;9335
3655;4;5572
3656;56;4939
3657;15;2638
3658;35;165
3659;39;9745
3660;19;9032
3661;29;759
3662;48;7522
3663;3;3565
3664;17;9474
3665;48;8944
3666;8;3104
3667;58;11228
3668;47;347
3669;2;3821
3670;44;12110
3671;18;4707
3672;7;7882
3673;9;9588
3674;48;1827
3675;8;12597
3676;17;2010
3677;4;11355
3678;6;6005
3679;22;2470
3680;29;1801
3681;27;6713
3682;43;4132
3683;7;5187
3684;41;9967
3685;45;11878
3686;31;2087
3687;33;5046
3688;19;7414
3689;34;1751
3690;5;3777
3691;36;1292
3692;27;4170
3693;56;5996
3694;29;9896
3695;56;8328
3696;10;11041
3697;19;7196
3698;47;2688
3699;9;10352
3700;55;8105
3701;2;12003
3702;30;2938
3703;26;2793
3704;52;3561
3705;35;5630
3706;20;7240
3707;38;4
3708;27;8580
3709;9;8228
3710;61;1864
3711;1;1174
3712;21;3681
3713;11;4128
3714;2;4151
3715;44;5781
3716;29;4075
3717;47;6102
3718;5;11623
3719;34;930
3720;23;4448
3721;11;7614
3722;3;593
3723;23;2210
3724;2;9442
3725;16;7463
3726;43;5319
3727;57;6142
3728;45;6247
3729;38;5266
3730;13;10722
3731;55;5903
3732;22;8252
3733;2;4979
3734;5;8578
3735;7;5670
3736;7;7966
3737;16;2940
3738;6;7884
3739;8;1369
3740;43;4620
3741;45;10442
3742;52;7776
3743;14;3670
3744;53;11762
3745;9;8727
3746;24;10151
3747;47;8763
3748;42;11300
3749;15;9617
3750;53;6194
3751;13;4976
3752;30;10547
3753;58;9739
3754;60;2105
3755;25;5972
3756;44;1489
3757;56;2579
3758;19;11674
3759;51;5961
3760;42;8599
3761;6;1814
3762;38;8908
3763;35;12568
3764;8;12238
3765;45;12589
3766;19;8263
3767;27;2884
3768;17;8621
3769;54;7906
3770;15;11652
3771;43;5665
3772;18;4706
3773;38;7617
3774;51;10097
3775;19;6899
3776;10;5752
3777;42;11053
3778;10;6706
3779;23;4468
3780;57;4516
3781;46;2686
3782;32;3213
3783;37;2091
3784;61;5257
3785;31;2430
3786;52;1327
3787;55;10286
3788;53;3964
3789;41;8741
3790;54;9943
3791;47;9553
3792;23;11519
3793;24;408
3794;17;5791
3795;47;7087
3796;37;9777
3797;22;7820
3798;36;9805
3799;1;5662
3800;56;10988
3801;19;4837
3802;42;9242
3803;36;3345
3804;47;1814
3805;55;686
3806;2;6769
3807;41;674
3808;29;204
3809;32;10760
3810;4;5710
3811;52;93
3812;42;7993
3813;10;500
3814;26;12176
3815;44;10626
3816;20;12311
3817;12;581
3818;24;1242
3819;36;5005
3820;24;164
3821;29;5864
3822;21;7183
3823;53;1177
3824;32;5551
3825;29;1257
3826;21;7515
3827;33;786
3828;25;5419
3829;16;10554
3830;38;9445
3831;21;9953
3832;49;5624
3833;51;2506
3834;57;9179
3835;45;9827
3836;1;1749
3837;43;11321
3838;20;9627
3839;33;9264
3840;8;3988
3841;36;7302
3842;55;11717
3843;30;10845
3844;46;5808
3845;16;4488
3846;21;6427
3847;12;9089
3848;16;11015
3849;50;4588
3850;30;1430
3851;33;10974
3852;30;9081
3853;41;11968
3854;42;9540
3855;35;6752
3856;35;12269
3857;9;8816
3858;51;2430
3859;6;5975
3860;53;5702
3861;1;8557
3862;11;7622
3863;1;3979
3864;51;464
3865;61;11623
3866;33;2374
3867;60;5914
3868;5;6105
3869;60;5581
3870;33;11118
3871;52;6335
3872;7;4394
3873;42;9834
3874;61;100
3875;21;1432
3876;10;1010
3877;39;1731
3878;29;8981
3879;33;5928
3880;32;7379
3881;50;5514
3882;11;887
3883;10;11936
3884;12;7729
3885;40;7580
3886;59;2688
3887;46;3321
3888;59;12134
3889;28;6738
3890;10;7866
3891;26;286
3892;44;5733
3893;2;10138
3894;47;5566
3895;43;4335
3896;45;4262
3897;27;891
3898;30;10143
3899;43;6042
3900;13;1538
3901;31;3368
3902;24;222
3903;51;7619
3904;11;8542
3905;28;5085
3906;27;5554
3907;23;4894
3908;61;1579
3909;19;1930
3910;37;6073
3911;49;3710
3912;52;5091
3913;13;2532
3914;38;6744
3915;18;1527
3916;42;7988
3917;16;5818
3918;3;5152
3919;8;1288
3920;39;12425
3921;43;3151
3922;60;3690
3923;23;11450
3924;45;11433
3925;34;10706
3926;4;7977
3927;16;8331
3928;54;181
3929;31;3305
3930;21;8875
3931;47;1592
3932;29;5241
3933;48;8531
3934;55;10946
3935;6;1406
3936;3;5741
3937;12;10066
3938;28;12595
3939;38;6518
3940;19;6885
3941;19;3929
3942;52;2521
3943;48;6705
3944;13;9556
3945;38;10056
3946;31;7189
3947;28;156
3948;58;4776
3949;12;11934
3950;8;12068
3951;26;5919
3952;26;8348
3953;11;10602
3954;10;4140
3955;5;10977
3956;9;8142
3957;1;8323
3958;44;11272
3959;41;6094
3960;38;2305
3961;5;9931
3962;43;10441
3963;45;4382
3964;45;3878
3965;21;4738
3966;15;10005
3967;1;117
3968;37;9819
3969;56;6758
3970;29;6286
3971;23;4680
3972;45;5780
3973;55;11009
3974;60;4252
3975;45;795
3976;39;2682
3977;6;538
3978;58;6441
3979;54;8553
3980;18;7124
3981;52;2147
3982;42;8966
3983;38;3964
3984;39;7405
3985;18;1902
3986;30;12533
3987;2;7854
3988;7;597
3989;49;4020
3990;13;4681
3991;20;6130
3992;10;1689
3993;45;5331
3994;53;3113
3995;48;10571
3996;43;11706
3997;23;1800
3998;56;7924
3999;1;7614
4000;32;4452
4001;50;12020
4002;41;7067
4003;24;2809
4004;49;1087
4005;17;7527
4006;60;12297
4007;1;11929
4008;8;4291
4009;50;5965
4010;35;7350
4011;54;2920
4012;18;8371
4013;60;11456
4014;14;1186
4015;42;10764
4016;25;3590
4017;32;7345
4018;46;5425
4019;14;11174
4020;51;1134
4021;43;4626
4022;20;4683
4023;15;8459
4024;25;4446
4025;16;6307
4026;42;4384
4027;58;4431
4028;58;8301
4029;23;1450
4030;42;3025
4031;14;11173
4032;48;8423
4033;34;1164
4034;32;520
4035;9;11291
4036;25;12020
4037;16;5225
4038;12;3530
4039;21;11653
4040;59;7236
4041;11;11955
4042;7;5492
4043;20;1550
4044;6;7825
4045;4;9217
4046;21;40
4047;43;3486
4048;17;8103
4049;20;151
4050;25;5491
4051;19;818
4052;43;3726
4053;38;10001
4054;12;6027
4055;57;958
4056;37;8987
4057;47;1119
4058;12;3181
4059;1;6872
4060;51;4987
4061;6;186
4062;15;1031
4063;22;9887
4064;18;1220
4065;35;9428
4066;36;5554
4067;54;11856
4068;48;1763
4069;15;1800
4070;35;5853
4071;22;988
4072;21;9589
4073;1;9790
4074;21;11329
4075;8;9256
4076;20;8507
4077;8;9297
4078;46;4500
4079;14;11159
4080;11;4996
4081;34;2953
4082;57;4356
4083;5;10587
4084;55;4615
4085;53;7654
4086;43;12122
4087;25;684
4088;16;1439
4089;25;1580
4090;8;8239
4091;49;4031
4092;56;2329
4093;57;8066
4094;49;12135
4095;43;8616
4096;46;8713
4097;12;7549
4098;2;4840
4099;1;4647
4100;26;5372
4101;38;1705
4102;55;1174
4103;25;11157
4104;2;2445
4105;58;3302
4106;9;6643
4107;34;1235
4108;46;1917
4109;31;9299
4110;39;2140
4111;53;4878
4112;27;6615
4113;30;8058
4114;36;9835
4115;5;11253
4116;24;1518
4117;20;2334
4118;30;2632
4119;32;5812
4120;58;1057
4121;47;1325
4122;37;7329
4123;10;1485
4124;33;6450
4125;8;1319
4126;39;4404
4127;24;969
4128;42;969
4129;38;1530
4130;52;1523
4131;45;12460
4132;42;11294
4133;56;8451
4134;50;54
4135;42;6175
4136;20;3270
4137;25;2254
4138;5;6220
4139;18;5222
4140;12;7432
4141;7;8229
4142;5;9310
4143;25;4862
4144;19;2240
4145;16;2496
4146;30;4495
4147;26;6891
4148;19;4553
4149;20;8251
4150;6;5314
4151;44;2876
4152;33;7613
4153;25;494
4154;55;7779
4155;3;5611
4156;39;6322
4157;1;1445
4158;24;9340
4159;4;3860
4160;58;4229
4161;29;7996
4162;4;1102
4163;19;2032
4164;14;12189
4165;20;11730
4166;1;4348
4167;28;6447
4168;48;9451
4169;27;9370
4170;47;630
4171;57;1350
4172;13;7689
4173;43;12379
4174;33;1462
4175;24;12475
4176;50;1361
4177;20;7035
4178;57;9403
4179;45;1710
4180;23;3154
4181;10;10024
4182;8;2633
4183;22;6684
4184;21;10827
4185;30;8945
4186;5;4512
4187;53;12380
4188;40;9552
4189;17;9005
4190;16;9249
4191;57;8517
4192;12;7305
4193;55;7792
4194;2;10749
4195;60;7582
4196;39;1214
4197;28;10107
4198;26;3246
4199;5;869
4200;4;10183
4201;53;442
4202;37;983
4203;42;10653
4204;7;4004
4205;54;76
4206;1;9530
4207;18;8217
4208;44;3769
4209;50;5762
4210;25;5748
4211;4;4215
4212;48;2971
4213;3;8994
4214;61;8364
4215;46;8964
4216;28;1097
4217;14;8327
4218;31;4874
4219;58;585
4220;25;11562
4221;9;2872
4222;13;2162
4223;44;2075
4224;7;7080
4225;4;6320
4226;29;11483
4227;36;3927
4228;47;3790
4229;56;3204
4230;50;591
4231;61;7133
4232;50;7483
4233;51;928
4234;39;1171
4235;4;5658
4236;34;4703
4237;61;10252
4238;43;3741
4239;46;5181
4240;28;10656
4241;33;6455
4242;48;879
4243;32;12051
4244;16;2958
4245;1;128
4246;33;901
4247;35;1489
4248;21;7710
4249;54;9072
4250;11;130
4251;32;10382
4252;31;10901
4253;41;11061
4254;54;5526
4255;27;3820
4256;42;7923
4257;34;8705
4258;23;8479
4259;30;6436
4260;58;2986
4261;22;5608
4262;1;11361
4263;49;3126
4264;57;10563
4265;24;1083
4266;48;9148
4267;33;5566
4268;19;4510
4269;47;8814
4270;11;11655
4271;34;4853
4272;16;429
4273;41;11836
4274;44;2676
4275;19;3221
4276;8;7054
4277;37;12609
4278;3;2065
4279;41;7984
4280;29;8296
4281;22;3082
4282;59;10495
4283;41;5054
4284;21;10742
4285;34;11230
4286;58;5164
4287;14;7280
4288;39;10832
4289;45;2167
4290;10;8580
4291;13;960
4292;15;10748
4293;16;3786
4294;20;1235
4295;15;858
4296;27;1365
4297;6;2222
4298;49;950
4299;16;3742
4300;47;3243
4301;42;10537
4302;39;1556
4303;38;3119
4304;19;7242
4305;32;11123
4306;52;5589
4307;50;6373
4308;36;10976
4309;43;881
4310;11;8509
4311;2;1785
4312;41;685
4313;39;6719
4314;12;6238
4315;19;6327
4316;8;2286
4317;40;3274
4318;10;7074
4319;16;7531
4320;22;12608
4321;58;10405
4322;21;10737
4323;17;6881
4324;25;8419
4325;35;8684
4326;3;4002
4327;26;250
4328;59;2680
4329;27;2366
4330;35;12299
4331;39;2778
4332;3;1442
4333;43;2263
4334;24;5318
4335;39;5289
4336;51;10923
4337;11;3172
4338;11;8646
4339;61;4590
4340;4;6014
4341;36;7614
4342;30;6890
4343;25;9964
4344;19;10335
4345;37;4455
4346;53;8600
4347;16;3802
4348;31;3787
4349;55;11530
4350;29;236
4351;15;9042
4352;4;77
4353;56;2416
4354;57;8537
4355;42;2723
4356;27;1615
4357;58;11389
4358;55;10330
4359;3;7403
4360;24;2195
4361;2;1028
4362;56;8929
4363;52;7906
4364;45;6326
4365;12;12133
4366;42;7174
4367;31;5254
4368;57;4688
4369;40;420
4370;19;1002
4371;53;562
4372;61;12145
4373;12;2703
4374;44;12122
4375;17;12145
4376;24;895
4377;13;2924
4378;35;700
4379;16;8317
4380;20;8066
4381;3;7255
4382;32;9025
4383;33;4046
4384;9;5093
4385;25;5505
4386;9;29
4387;13;6846
4388;27;3782
4389;51;7241
4390;42;3912
4391;5;4097
4392;32;12069
4393;8;8656
4394;52;3311
4395;56;812
4396;44;11014
4397;3;785
4398;59;5065
4399;34;4454
4400;35;1824
4401;58;12092
4402;25;1785
4403;45;1810
4404;15;2143
4405;24;5605
4406;16;10562
4407;49;7969
4408;4;4166
4409;31;9474
4410;19;8390
4411;61;1116
4412;44;12218
4413;7;11458
4414;32;7134
4415;30;6365
4416;34;5481
4417;57;703
4418;24;7493
4419;32;7891
4420;16;5680
4421;7;9947
4422;13;8772
4423;60;1362
4424;43;5985
4425;21;8274
4426;45;938
4427;18;431
4428;61;10959
4429;42;1393
4430;47;7078
4431;42;12115
4432;61;1900
4433;24;1517
4434;35;5330
4435;25;9944
4436;61;3952
4437;59;8938
4438;24;4549
4439;44;8761
4440;48;1983
4441;27;1358
4442;45;3707
4443;49;3227
4444;47;7523
4445;55;3164
4446;45;9268
4447;21;5585
4448;9;11830
4449;58;4752
4450;51;4553
4451;8;6446
4452;61;8950
4453;49;805
4454;47;8021
4455;47;4229
4456;41;3716
4457;51;4315
4458;31;2211
4459;14;1159
4460;39;2112
4461;11;9783
4462;52;1834
4463;23;625
4464;24;10472
4465;37;6932
4466;53;471
4467;16;1460
4468;9;634
4469;54;4211
4470;59;9015
4471;32;8772
4472;52;4799
4473;45;6347
4474;58;6795
4475;43;6214
4476;35;5796
4477;54;11562
4478;53;12184
4479;32;8008
4480;38;10471
4481;52;1523
4482;15;12215
4483;10;1759
4484;13;3882
4485;15;4396
4486;40;10097
4487;28;12400
4488;8;287
4489;3;10808
4490;33;8970
4491;14;5829
4492;19;2519
4493;52;6284
4494;27;10636
4495;4;8928
4496;58;2840
4497;11;5559
4498;16;9203
4499;56;9221
4500;5;10015
4501;32;367
4502;25;11443
4503;21;10956
4504;44;4503
4505;24;6913
4506;51;1116
4507;60;10893
4508;35;5720
4509;51;8361
4510;2;4088
4511;21;4549
4512;57;1135
4513;42;9777
4514;52;11485
4515;49;690
4516;3;8840
4517;13;5336
4518;13;3557
4519;24;7674
4520;53;1637
4521;50;11836
4522;7;7510
4523;27;3457
4524;38;9456
4525;48;9752
4526;17;12364
4527;44;10863
4528;49;8264
4529;5;2594
4530;49;4344
4531;59;4345
4532;7;11466
4533;21;8907
4534;51;11062
4535;16;698
4536;51;261
4537;22;3998
4538;36;6284
4539;26;6009
4540;2;8313
4541;57;8021
4542;45;2464
4543;22;697
4544;12;922
4545;2;7987
4546;20;9633
4547;52;10589
4548;10;6646
4549;24;11145
4550;44;4983
4551;26;10384
4552;59;3501
4553;1;7545
4554;49;705
4555;13;4026
4556;41;9107
4557;8;6283
4558;35;12523
4559;28;3876
4560;41;1950
4561;23;5673
4562;53;11298
4563;2;7957
4564;35;4030
4565;11;12342
4566;22;589
4567;50;1644
4568;15;1053
4569;34;6162
4570;48;562
4571;19;8644
4572;30;8173
4573;26;4770
4574;34;3427
4575;30;5685
4576;55;9150
4577;17;6939
4578;54;4645
4579;37;4058
4580;38;10385
4581;17;12422
4582;30;10291
4583;16;4122
4584;47;10675
4585;59;6420
4586;10;12374
4587;49;3408
4588;48;10183
4589;45;6549
4590;57;817
4591;38;7727
4592;23;11028
4593;1;7379
4594;10;11272
4595;6;2992
4596;34;12260
4597;46;2826
4598;59;1337
4599;11;10266
4600;15;5094
4601;24;10360
4602;37;8214
4603;18;2298
4604;58;11237
4605;20;12389
4606;25;2998
4607;1;8378
4608;24;10606
4609;6;6906
4610;56;3409
4611;23;8325
4612;53;5707
4613;6;7621
4614;51;7231
4615;29;6857
4616;3;9533
4617;37;10224
4618;36;4240
4619;19;6689
4620;52;2968
4621;26;8951
4622;16;7613
4623;9;10585
4624;10;3204
4625;8;3327
4626;1;4553
4627;15;10278
4628;25;9051
4629;21;10416
4630;61;12273
4631;11;7831
4632;54;4249
4633;25;3465
4634;34;6826
4635;6;705
4636;58;4165
4637;35;7659
4638;49;987
4639;27;9849
4640;17;11359
4641;53;8181
4642;7;9504
4643;21;639
4644;58;2976
4645;39;10435
4646;35;11252
4647;25;8842
4648;20;585
4649;24;9466
4650;36;4634
4651;53;4053
4652;3;9557
4653;37;1602
4654;21;5076
4655;7;12581
4656;8;2242
4657;41;3373
4658;17;4182
4659;36;9167
4660;58;5513
4661;34;6792
4662;18;9839
4663;23;6878
4664;34;9563
4665;10;8480
4666;39;1487
4667;29;10813
4668;35;7446
4669;25;11857
4670;47;5234
4671;9;11496
4672;2;3663
4673;52;12005
4674;50;11558
4675;56;2663
4676;27;12247
4677;53;2637
4678;46;3314
4679;4;8535
4680;54;8811
4681;43;10761
4682;26;9886
4683;30;1583
4684;8;2999
4685;32;9743
4686;20;10352
4687;34;998
4688;14;2807
4689;10;1327
4690;13;7531
4691;4;8294
4692;30;8139
4693;4;2936
4694;25;3090
4695;42;5970
4696;23;1907
4697;29;4109
4698;18;1199
4699;35;5395
4700;27;12532
4701;2;11017
4702;20;8635
4703;29;7221
4704;55;147
4705;11;11738
4706;8;1409
4707;61;12468
4708;26;2550
4709;30;12177
4710;50;7470
4711;31;10530
4712;6;10139
4713;54;5596
4714;25;9200
4715;61;209
4716;2;907
4717;4;5960
4718;54;12089
4719;37;6060
4720;32;351
4721;51;4609
4722;42;4867
4723;42;6607
4724;49;8386
4725;4;12291
4726;33;5690
4727;24;7235
4728;10;3361
4729;49;5657
4730;61;9947
4731;51;9716
4732;25;6297
4733;59;11649
4734;49;1527
4735;48;5947
4736;7;6707
4737;14;8685
4738;4;10403
4739;15;10114
4740;14;10996
4741;31;12471
4742;51;6202
4743;46;5366
4744;46;8913
4745;23;525
4746;53;9172
4747;59;1109
4748;21;11387
4749;6;12531
4750;28;7235
4751;22;7353
4752;16;7237
4753;20;7260
4754;57;8407
4755;44;9011
4756;14;5777
4757;50;7524
4758;57;4415
4759;29;3475
4760;9;10300
4761;61;11282
4762;58;8655
4763;29;4942
4764;53;4770
4765;12;11160
4766;45;9314
4767;35;6665
4768;12;4639
4769;10;265
4770;55;10214
4771;61;11156
4772;12;6994
4773;59;395
4774;30;5691
4775;46;3996
4776;16;7577
4777;31;9320
4778;50;5975
4779;3;4680
4780;34;4938
4781;39;11905
4782;48;9053
4783;3;8437
4784;45;10622
4785;40;6145
4786;37;2
4787;37;10250
4788;47;7571
4789;2;8617
4790;34;346
4791;29;4364
4792;36;11765
4793;46;466
4794;25;5018
4795;23;1472
4796;59;8150
4797;12;7534
4798;22;6613
4799;25;10022
4800;52;11112
4801;10;9341
4802;1;7144
4803;21;3724
4804;1;11110
4805;8;1479
4806;60;7488
4807;57;9807
4808;16;7132
4809;45;4757
4810;54;3344
4811;17;1021
4812;48;1642
4813;46;2808
4814;18;2757
4815;23;5952
4816;50;11848
4817;3;3215
4818;23;1822
4819;10;4389
4820;27;9699
4821;42;9756
4822;61;6863
4823;4;4699
4824;53;10500
4825;28;12194
4826;38;9217
4827;43;10094
4828;4;12450
4829;36;2548
4830;30;6645
4831;56;10086
4832;54;4394
4833;35;139
4834;40;6455
4835;58;5718
4836;21;3902
4837;59;1935
4838;60;6034
4839;3;9224
4840;15;5588
4841;40;4814
4842;40;9621
4843;11;689
4844;2;2407
4845;38;205
4846;55;11186
4847;53;1228
4848;1;4420
4849;36;6297
4850;8;8768
4851;29;11199
4852;21;2046
4853;25;9756
4854;38;6918
4855;56;6251
4856;49;7827
4857;4;3193
4858;4;1616
4859;29;10007
4860;7;8070
4861;40;5649
4862;55;6638
4863;49;3764
4864;29;2936
4865;45;646
4866;45;6939
4867;50;8373
4868;7;6440
4869;61;5186
4870;6;3316
4871;61;876
4872;35;2398
4873;16;6825
4874;22;11479
4875;25;6990
4876;8;1624
4877;19;10969
4878;38;10620
4879;7;11434
4880;32;11539
4881;6;5645
4882;6;5833
4883;37;6862
4884;32;12576
4885;43;3148
4886;32;5455
4887;14;4419
4888;18;11501
4889;18;6568
4890;2;5787
4891;19;1771
4892;36;7011
4893;48;11559
4894;59;5310
4895;38;6489
4896;45;1981
4897;40;4733
4898;9;8211
4899;3;11687
4900;59;3406
4901;20;8483
4902;16;1871
4903;50;638
4904;34;11807
4905;31;9220
4906;31;12295
4907;42;3526
4908;4;4230
4909;53;6415
4910;52;9450
4911;36;3430
4912;36;2941
4913;35;11445
4914;34;8243
4915;21;12145
4916;52;2901
4917;27;1101
4918;37;7781
4919;32;3080
4920;59;2182
4921;2;4207
4922;3;7186
4923;7;9386
4924;35;93
4925;14;3439
4926;36;3549
4927;31;7965
4928;13;11392
4929;28;557
4930;29;7261
4931;20;12591
4932;42;10980
4933;18;5018
4934;3;10781
4935;45;9055
4936;12;1731
4937;29;8936
4938;43;6230
4939;48;11327
4940;45;4914
4941;57;6284
4942;5;11372
4943;2;6275
4944;43;1610
4945;1;3328
4946;24;4493
4947;58;6422
4948;36;2756
4949;29;1584
4950;57;4337
4951;11;997
4952;31;2378
4953;56;5617
4954;5;9503
4955;61;8361
4956;29;9151
4957;32;3551
4958;45;210
4959;27;2382
4960;33;5695
4961;5;1278
4962;46;246
4963;4;3700
4964;5;8154
4965;8;7245
4966;4;3479
4967;59;12047
4968;24;4659
4969;36;6742
4970;1;9463
4971;19;8531
4972;43;12050
4973;53;4096
4974;36;5560
4975;26;9980
4976;27;8273
4977;2;7860
4978;40;1148
4979;8;9379
4980;35;7092
4981;37;2314
4982;58;6263
4983;10;10409
4984;46;154
4985;24;6677
4986;30;478
4987;34;6920
4988;13;11981
4989;8;4251
4990;21;134
4991;26;1028
4992;25;344
4993;39;7931
4994;56;6639
4995;53;1629
4996;23;1502
4997;34;11372
4998;60;1862
4999;57;5491
